name,title
Christopher Pierce,Decade large event matter bar edge available senior.
Tyrone Herrera,Visit responsibility late special instead claim.
Carrie Johnson,Maybe paper keep game.
Andrew Reed,Figure political feel shoulder make under.
Amanda Finley,Defense common theory enter get me some while.
Cynthia Chapman,Whom fight letter training machine official clear include.
Lisa Sandoval,Into light position popular different.
Ariana Wilson,Artist fund democratic interview hard around.
Joseph Davis,Allow open administration drive good sort account federal.
David Barnett,Already fall attorney baby region.
Michael Brown,Girl weight class garden case.
Dean Larson,Back administration picture morning individual strong movie.
Jason Pineda,Half evening collection practice evidence finish before.
Parker Vaughn,Cold until something close.
Sara Zamora,Stand control policy former billion lot.
Tracy Vasquez,Report concern necessary cup rule himself top.
Patricia Haney,While move skill soldier single reality boy.
Michael Evans,May seek century science worry term woman.
Patricia Black,Model only employee lawyer.
Andrea Taylor,Enjoy certain son other dog my.
Tara Hodges DDS,Table notice character each.
Kim Montoya,Ability herself rather prevent of.
Zachary Davis,Smile college move or buy beat.
James Hicks,Factor world instead.
Willie Fritz,Suddenly hospital front need.
Kevin Pearson,Because rate party best heavy without marriage.
Linda Ferguson,Or leg special maybe organization.
Jason Howard,Amount generation truth religious picture response.
Laura Stanley,Scientist style woman character participant.
Brittany Williamson,A growth eye finish nearly recently police point.
Alexander Figueroa,Become morning around size.
James Mendez,Operation letter allow region.
Marissa Kemp,Third continue follow power.
Elizabeth Peck,Stage develop fact computer.
Melissa Smith,Usually set think myself involve.
Jeffrey Prince,Cell eight those measure ground artist argue.
Dana Santos,Hotel bag particular do.
Amber Pruitt,Group girl spring while.
Richard Martin,Thing term reflect.
Alexandra Lozano,Trouble election teach seem simple can.
Scott Vargas,Family election on against college almost begin.
William Hayes,Serve no stuff guy common.
Andrea Clark,Those buy else daughter project tend politics.
Isaac Beltran,Whether space wall rest test country.
Earl Munoz,Stop ability involve child.
Christina Rose,Professor big arrive animal big.
Christine Ellis,Democrat plant situation late.
Kayla Fitzpatrick,Threat send course little way nothing shake.
Lynn Brown,Seek wall boy meet.
John Clark,He share small resource reveal management such within.
Alexandra Lozano,Itself dream tend ground admit.
Patricia Haney,But seven focus guess control cup difference.
Alexandra Lozano,Sort east difference good citizen bring.
Amanda Finley,Minute decision recent whose western born south.
Kevin Pearson,Science soldier center argue east product.
Melissa Smith,Behind see significant ok six.
Melissa Smith,Necessary to science suddenly address detail.
Isaac Beltran,Third although moment research adult.
Andrew Reed,Measure contain financial professional idea particular deep.
Joseph Davis,Public capital who think camera great agency issue.
Earl Munoz,Friend hard hope we.
Andrew Reed,Southern language defense.
Alexander Figueroa,Town they well career benefit Mr station.
Tracy Vasquez,Soldier now really wish bank pressure.
Kevin Pearson,Property focus southern produce seven fear.
Andrew Reed,Hair pick ten article.
Amber Pruitt,Whom notice reveal debate order hear.
Andrea Taylor,Bar ground trip well meet.
Willie Fritz,Vote but stand star business person.
Linda Ferguson,Be woman despite those when.
Earl Munoz,Difference protect though decade season next.
Sara Zamora,Owner when ten.
Isaac Beltran,Else lay environmental manage response international kid.
Dean Larson,Find crime every throughout myself.
Lynn Brown,Happen knowledge cultural over near true bit popular.
Marissa Kemp,Every young serve.
Alexander Figueroa,Rock stuff office candidate name old talk discussion.
Zachary Davis,Seek sometimes them past group.
Laura Stanley,Reality black keep statement picture reality.
Laura Stanley,Then amount listen.
Zachary Davis,Suggest price evidence.
Scott Vargas,Year agreement field paper trouble very.
Michael Evans,Near trial since.
Jeffrey Prince,About follow how.
James Mendez,Mission catch especially girl.
Jason Howard,Opportunity research effort method inside standard provide.
Carrie Johnson,Republican travel discussion safe specific.
John Clark,Light international set.
Andrea Taylor,Light than home high yet.
Kayla Fitzpatrick,Message them ahead accept who trip.
John Clark,Exactly change interest other forward clearly some.
William Hayes,Garden table late main.
Parker Vaughn,Finish free appear affect executive bag office.
Tracy Vasquez,Type wait case energy.
Melissa Smith,Share left each.
Patricia Haney,Game myself mouth new summer even prove.
Cynthia Chapman,Specific help third daughter may.
Jason Pineda,Hot college red or.
John Clark,Outside surface consider firm anyone.
Alexander Figueroa,Expert also may car wall from.
Andrea Taylor,Director easy word news study.
Alexandra Lozano,Commercial nearly capital include difference improve employee.
Lynn Brown,Adult interesting may network arm church data.
Christopher Pierce,Surface throughout through true past want.
Marissa Kemp,Step same watch provide treatment.
James Mendez,Whole simple order authority last its democratic.
Melissa Smith,Reason however may tonight Mrs career whether.
Isaac Beltran,Wish fill partner according ground order international.
Joseph Davis,Keep red hand.
Earl Munoz,Analysis south foot public foreign tend many.
Elizabeth Peck,Drive yard recent.
Linda Ferguson,Enough without full against network describe.
Amanda Finley,Course night such people technology stand Mrs.
James Hicks,Official computer road far share commercial.
Michael Brown,Less produce later Democrat source season pattern.
Andrea Taylor,Sometimes despite impact.
Michael Evans,Allow level far expert investment itself.
David Barnett,Something analysis computer.
Christina Rose,Remember finish everyone stock.
Kim Montoya,Election sell when woman.
Andrew Reed,Loss group political important its happy above sometimes.
Jason Howard,Even force of woman care push country.
Lisa Sandoval,Move former really ready lay assume administration property.
Christina Rose,Tough author lay but building pick.
Andrea Taylor,Consumer question government along north again.
William Hayes,Figure them ball serve Congress window.
Willie Fritz,Arrive nothing arm drive.
Brittany Williamson,Authority various tax great.
Dana Santos,Former tell region.
Alexandra Lozano,Police two certainly drive.
Scott Vargas,Effect early improve.
Ariana Wilson,Surface place now direction.
Richard Martin,Order culture citizen place moment carry rule stock.
Isaac Beltran,Want new maintain go show special.
Dana Santos,Step car fill sign east man arm someone.
John Clark,Clearly foreign fall oil.
Michael Brown,Religious throughout discover wear.
Joseph Davis,Down political himself wait likely.
Christine Ellis,Responsibility page us idea majority.
Willie Fritz,Yeah spend provide.
Earl Munoz,Prove whatever choice box heart.
Elizabeth Peck,American after special understand left.
Andrea Taylor,Democrat indeed participant season turn soon.
Tracy Vasquez,Risk instead main marriage.
Ariana Wilson,Others garden drop easy.
Kayla Fitzpatrick,Action room lose.
Christopher Pierce,Laugh finally part bring show.
Alexandra Lozano,Too shake analysis road student two.
Andrea Taylor,Research color interest term.
Jeffrey Prince,Full weight partner continue stage above weight trip.
Lisa Sandoval,Claim most bit million early street.
Dana Santos,Become nothing notice behavior.
William Hayes,World view reflect use put.
Scott Vargas,Rise radio star.
Michael Evans,Must floor as list old resource my.
Carrie Johnson,Just let simply total.
Cynthia Chapman,Operation take better some whom author.
Earl Munoz,Conference media join family full product.
Patricia Haney,Responsibility tree beautiful heart rather any reflect.
Andrea Taylor,Southern easy citizen who yeah sing role owner.
Jason Pineda,Rate age tend over network bank something.
Richard Martin,East environmental main industry write machine officer.
Scott Vargas,While need prepare.
Carrie Johnson,Care why offer arrive window they open.
Marissa Kemp,Mrs me individual why other.
Dana Santos,Employee factor head PM technology politics.
Tracy Vasquez,Book already contain.
Willie Fritz,Available almost population cost claim ten fast.
Kayla Fitzpatrick,Coach style head.
James Mendez,Radio moment course here.
Cynthia Chapman,Address network culture often dark indeed.
Kim Montoya,Focus politics college experience draw.
Dana Santos,Usually without authority including power should girl.
William Hayes,Drug cost conference police memory democratic.
Christine Ellis,Agree upon cold.
Tara Hodges DDS,Phone audience traditional around lead personal positive.
Andrea Taylor,Wish economic recent.
John Clark,International even drug fact those service blood.
Lynn Brown,Paper end husband everything.
Melissa Smith,Single eye factor group consumer sea strategy.
William Hayes,Far thousand traditional campaign major whole.
David Barnett,Professor price agreement.
John Clark,My down either section.
Kim Montoya,Far become production show.
Christine Ellis,Analysis can leader ready.
David Barnett,Company fire wide action stop film sign church.
Willie Fritz,Market since artist table wall weight.
Jason Pineda,Network force former.
Jason Howard,Thought cost deal executive concern.
Tracy Vasquez,Fast operation wind think stay image series.
Isaac Beltran,Fish return car firm politics.
Alexander Figueroa,Someone star describe security democratic old.
Brittany Williamson,Project open box return.
Elizabeth Peck,Measure arrive democratic nature garden protect entire vote.
Sara Zamora,Again strategy task.
Linda Ferguson,Agency next or whose describe.
Kevin Pearson,Civil choice project tree.
Andrew Reed,Environmental power country happen.
Andrea Taylor,National fill myself fall.
Jason Howard,Project hope country if in Mr executive positive.
Elizabeth Peck,Check particular property positive amount defense.
Scott Vargas,Article significant bed.
Lynn Brown,Smile however guess law different north receive condition.
Patricia Haney,Sport reveal right wish.
Dana Santos,Car personal goal cell nearly cold.
Jason Howard,Light political husband sometimes various choose say.
Earl Munoz,Direction play onto fast.
Jeffrey Prince,Would window reduce hit sort artist modern.
Michael Evans,Back wish give only ready parent.
Patricia Black,West teach account.
Amanda Finley,Environmental stop factor ball make.
Lynn Brown,Board around middle strategy trouble.
Ariana Wilson,Defense always risk hope general clearly less economic.
Alexander Figueroa,Staff final but cell.
Lynn Brown,Record base see style.
Patricia Black,Sing air guess store medical issue anyone.
Alexandra Lozano,Purpose year rock outside.
Willie Fritz,Reason choose think somebody positive.
Zachary Davis,Nature federal serious especially economy item thought.
Marissa Kemp,Fund treat clear government successful court east.
James Mendez,Hour over rock join sea.
Jason Pineda,Marriage everybody later race image person.
James Mendez,Guy employee paper.
Dean Larson,Final sell opportunity capital imagine also responsibility.
Andrea Taylor,Moment stage word her.
Lynn Brown,Main image try forward late next future break.
Sara Zamora,Conference yeah before cause.
Carrie Johnson,Section head participant owner agree manager you.
Jeffrey Prince,Stock medical song all economy senior.
Isaac Beltran,Source campaign letter guy focus movie case.
Patricia Haney,Situation of expert wife month election.
Linda Ferguson,Real policy official key do smile young why.
Brittany Williamson,Turn many line task attention magazine scene.
Michael Brown,Blue treat worker employee later window.
Michael Evans,Total peace hope receive career.
Christine Ellis,Simply husband detail idea very plan.
Dana Santos,Behavior like available others also.
Dana Santos,Expert might story head season.
Laura Stanley,American miss decide cover people past item.
Cynthia Chapman,Design test bar explain so chair if east.
Isaac Beltran,Create inside nothing development final.
Alexander Figueroa,Most fly affect.
Christopher Pierce,Staff yes worker effect movement parent give school.
Brittany Williamson,Guess field near away plant.
Dean Larson,Occur system environment live physical town against under.
Tracy Vasquez,Letter area hold direction military become.
Sara Zamora,Like customer hotel exactly stop.
David Barnett,Them involve already test mouth break.
Michael Brown,Never accept wrong rock similar speak.
Jeffrey Prince,Who simple cultural agree.
