name,university
Christopher Pierce,University of Become decision.
Tyrone Herrera,University of Become decision.
Carrie Johnson,University of Side argue.
Andrew Reed,University of Others suggest.
Amanda Finley,University of Others suggest.
Cynthia Chapman,University of Others suggest.
Lisa Sandoval,University of Become decision.
Ariana Wilson,University of Become decision.
Joseph Davis,University of Everybody space.
David Barnett,University of Become decision.
Michael Brown,University of Become decision.
Dean Larson,University of Become decision.
Jason Pineda,University of Others suggest.
Parker Vaughn,University of Others suggest.
Sara Zamora,University of Become decision.
Tracy Vasquez,University of Others suggest.
Patricia Haney,University of Everybody space.
Michael Evans,University of Others suggest.
Patricia Black,University of Everybody space.
Andrea Taylor,University of Side argue.
Tara Hodges DDS,University of Become decision.
Kim Montoya,University of Others suggest.
Zachary Davis,University of Everybody space.
James Hicks,University of Side argue.
Willie Fritz,University of Side argue.
Kevin Pearson,University of Others suggest.
Linda Ferguson,University of Others suggest.
Jason Howard,University of Side argue.
Laura Stanley,University of Become decision.
Brittany Williamson,University of Become decision.
Alexander Figueroa,University of Everybody space.
James Mendez,University of Become decision.
Marissa Kemp,University of Side argue.
Elizabeth Peck,University of Side argue.
Melissa Smith,University of Side argue.
Jeffrey Prince,University of Become decision.
Dana Santos,University of Everybody space.
Amber Pruitt,University of Become decision.
Richard Martin,University of Everybody space.
Alexandra Lozano,University of Become decision.
Scott Vargas,University of Side argue.
William Hayes,University of Side argue.
Andrea Clark,University of Others suggest.
Isaac Beltran,University of Become decision.
Earl Munoz,University of Become decision.
Christina Rose,University of Others suggest.
Christine Ellis,University of Side argue.
Kayla Fitzpatrick,University of Become decision.
Lynn Brown,University of Others suggest.
John Clark,University of Become decision.
