edition,conference
Danielland,Conference of Protect pretty notice animal.
Arthurtown,Conference of Though deep inside know.
North Douglas,Conference of Though deep inside know.
Port Gina,Conference of Though deep inside know.
West Ryanview,Conference of Though deep inside know.
Gabrielleville,Conference of Protect pretty notice animal.
Port Masonbury,Conference of Though deep inside know.
Randyburgh,Conference of Protect pretty notice animal.
Lake Brittanyland,Conference of Though deep inside know.
Claireshire,Conference of Protect pretty notice animal.
