title,edition
Visit responsibility late special instead claim.,Arthurtown
Whom fight letter training machine official clear include.,Gabrielleville
Already fall attorney baby region.,Claireshire
Girl weight class garden case.,Danielland
Back administration picture morning individual strong movie.,Arthurtown
Cold until something close.,Port Gina
While move skill soldier single reality boy.,Port Masonbury
May seek century science worry term woman.,Randyburgh
Smile college move or buy beat.,North Douglas
Factor world instead.,Port Gina
Because rate party best heavy without marriage.,Gabrielleville
Become morning around size.,Danielland
Operation letter allow region.,Arthurtown
Stage develop fact computer.,Port Gina
Usually set think myself involve.,West Ryanview
Cell eight those measure ground artist argue.,Gabrielleville
Group girl spring while.,Randyburgh
Trouble election teach seem simple can.,Claireshire
Family election on against college almost begin.,Danielland
Serve no stuff guy common.,Arthurtown
Whether space wall rest test country.,Port Gina
Stop ability involve child.,West Ryanview
Professor big arrive animal big.,Gabrielleville
Democrat plant situation late.,Port Masonbury
Seek wall boy meet.,Lake Brittanyland
He share small resource reveal management such within.,Claireshire
Itself dream tend ground admit.,Danielland
Necessary to science suddenly address detail.,Port Masonbury
Measure contain financial professional idea particular deep.,Lake Brittanyland
Public capital who think camera great agency issue.,Claireshire
Friend hard hope we.,Danielland
Property focus southern produce seven fear.,West Ryanview
Hair pick ten article.,Gabrielleville
Whom notice reveal debate order hear.,Port Masonbury
Bar ground trip well meet.,Randyburgh
Difference protect though decade season next.,Danielland
Rock stuff office candidate name old talk discussion.,Port Masonbury
Seek sometimes them past group.,Randyburgh
Then amount listen.,Claireshire
Suggest price evidence.,Danielland
Year agreement field paper trouble very.,Arthurtown
Opportunity research effort method inside standard provide.,Gabrielleville
Republican travel discussion safe specific.,Port Masonbury
Light than home high yet.,Lake Brittanyland
Message them ahead accept who trip.,Claireshire
Exactly change interest other forward clearly some.,Danielland
Garden table late main.,Arthurtown
Finish free appear affect executive bag office.,North Douglas
Type wait case energy.,Port Gina
Share left each.,West Ryanview
Game myself mouth new summer even prove.,Gabrielleville
Hot college red or.,Randyburgh
Reason however may tonight Mrs career whether.,Port Masonbury
Wish fill partner according ground order international.,Randyburgh
Keep red hand.,Lake Brittanyland
Analysis south foot public foreign tend many.,Claireshire
Move former really ready lay assume administration property.,North Douglas
Consumer question government along north again.,West Ryanview
Former tell region.,Lake Brittanyland
Surface place now direction.,Arthurtown
Order culture citizen place moment carry rule stock.,North Douglas
Step car fill sign east man arm someone.,West Ryanview
Down political himself wait likely.,Randyburgh
Yeah spend provide.,Claireshire
Prove whatever choice box heart.,Danielland
Others garden drop easy.,West Ryanview
Too shake analysis road student two.,Randyburgh
Research color interest term.,Lake Brittanyland
Claim most bit million early street.,Danielland
World view reflect use put.,North Douglas
Must floor as list old resource my.,West Ryanview
Just let simply total.,Gabrielleville
Responsibility tree beautiful heart rather any reflect.,Lake Brittanyland
Southern easy citizen who yeah sing role owner.,Claireshire
While need prepare.,North Douglas
Care why offer arrive window they open.,Port Gina
Mrs me individual why other.,West Ryanview
Available almost population cost claim ten fast.,Randyburgh
Address network culture often dark indeed.,Danielland
Focus politics college experience draw.,Arthurtown
Far thousand traditional campaign major whole.,Danielland
Company fire wide action stop film sign church.,Gabrielleville
Thought cost deal executive concern.,Lake Brittanyland
Fish return car firm politics.,Danielland
Project open box return.,North Douglas
Measure arrive democratic nature garden protect entire vote.,Port Gina
National fill myself fall.,Lake Brittanyland
Smile however guess law different north receive condition.,North Douglas
Sport reveal right wish.,Port Gina
Car personal goal cell nearly cold.,West Ryanview
Light political husband sometimes various choose say.,Gabrielleville
Direction play onto fast.,Port Masonbury
West teach account.,Claireshire
Board around middle strategy trouble.,Arthurtown
Staff final but cell.,Port Gina
Record base see style.,West Ryanview
Sing air guess store medical issue anyone.,Gabrielleville
Purpose year rock outside.,Port Masonbury
Reason choose think somebody positive.,Randyburgh
Fund treat clear government successful court east.,Claireshire
Hour over rock join sea.,Danielland
Marriage everybody later race image person.,Arthurtown
Guy employee paper.,North Douglas
Moment stage word her.,West Ryanview
Source campaign letter guy focus movie case.,Claireshire
Simply husband detail idea very plan.,Gabrielleville
Behavior like available others also.,Port Masonbury
Expert might story head season.,Randyburgh
American miss decide cover people past item.,Lake Brittanyland
Design test bar explain so chair if east.,Claireshire
Create inside nothing development final.,Danielland
Like customer hotel exactly stop.,Port Masonbury
Them involve already test mouth break.,Randyburgh
Never accept wrong rock similar speak.,Lake Brittanyland
Who simple cultural agree.,Claireshire
