title,keyword
Decade large event matter bar edge available senior.,available
Visit responsibility late special instead claim.,responsibility
Visit responsibility late special instead claim.,special
Visit responsibility late special instead claim.,instead
Figure political feel shoulder make under.,political
Whom fight letter training machine official clear include.,letter
Whom fight letter training machine official clear include.,official
Artist fund democratic interview hard around.,democratic
Artist fund democratic interview hard around.,around
Artist fund democratic interview hard around.,democrat
Allow open administration drive good sort account federal.,administration
Already fall attorney baby region.,region
Girl weight class garden case.,garden
Girl weight class garden case.,weight
Back administration picture morning individual strong movie.,picture
Back administration picture morning individual strong movie.,administration
Half evening collection practice evidence finish before.,finish
Cold until something close.,something
Stand control policy former billion lot.,former
While move skill soldier single reality boy.,soldier
While move skill soldier single reality boy.,reality
May seek century science worry term woman.,science
Model only employee lawyer.,employee
Table notice character each.,notice
Smile college move or buy beat.,college
Factor world instead.,instead
Because rate party best heavy without marriage.,marriage
Because rate party best heavy without marriage.,without
Or leg special maybe organization.,special
Amount generation truth religious picture response.,picture
Scientist style woman character participant.,participant
A growth eye finish nearly recently police point.,finish
A growth eye finish nearly recently police point.,police
A growth eye finish nearly recently police point.,nearly
A growth eye finish nearly recently police point.,recent
Become morning around size.,around
Operation letter allow region.,letter
Operation letter allow region.,region
Stage develop fact computer.,computer
Usually set think myself involve.,myself
Usually set think myself involve.,involve
Cell eight those measure ground artist argue.,artist
Cell eight those measure ground artist argue.,ground
Cell eight those measure ground artist argue.,measure
Hotel bag particular do.,particular
Thing term reflect.,reflect
Trouble election teach seem simple can.,election
Trouble election teach seem simple can.,simple
Family election on against college almost begin.,election
Family election on against college almost begin.,college
Family election on against college almost begin.,against
Those buy else daughter project tend politics.,politics
Those buy else daughter project tend politics.,project
Whether space wall rest test country.,country
Stop ability involve child.,involve
Professor big arrive animal big.,arrive
Threat send course little way nothing shake.,nothing
Threat send course little way nothing shake.,course
He share small resource reveal management such within.,reveal
Itself dream tend ground admit.,ground
But seven focus guess control cup difference.,difference
Sort east difference good citizen bring.,difference
Sort east difference good citizen bring.,citizen
Minute decision recent whose western born south.,recent
Science soldier center argue east product.,soldier
Necessary to science suddenly address detail.,science
Third although moment research adult.,moment
Third although moment research adult.,research
Measure contain financial professional idea particular deep.,particular
Public capital who think camera great agency issue.,capital
Southern language defense.,defense
Town they well career benefit Mr station.,career
Soldier now really wish bank pressure.,really
Property focus southern produce seven fear.,southern
Property focus southern produce seven fear.,produce
Hair pick ten article.,article
Whom notice reveal debate order hear.,reveal
Whom notice reveal debate order hear.,notice
Bar ground trip well meet.,ground
Difference protect though decade season next.,season
Else lay environmental manage response international kid.,environmental
Else lay environmental manage response international kid.,international
Find crime every throughout myself.,myself
Find crime every throughout myself.,throughout
Happen knowledge cultural over near true bit popular.,cultural
Rock stuff office candidate name old talk discussion.,office
Rock stuff office candidate name old talk discussion.,discussion
Seek sometimes them past group.,sometimes
Reality black keep statement picture reality.,reality
Reality black keep statement picture reality.,picture
Then amount listen.,amount
Year agreement field paper trouble very.,trouble
Year agreement field paper trouble very.,agreement
Mission catch especially girl.,special
Mission catch especially girl.,especially
Opportunity research effort method inside standard provide.,research
Opportunity research effort method inside standard provide.,provide
Republican travel discussion safe specific.,discussion
Light international set.,international
Exactly change interest other forward clearly some.,clearly
Finish free appear affect executive bag office.,executive
Finish free appear affect executive bag office.,office
Game myself mouth new summer even prove.,myself
Hot college red or.,college
Outside surface consider firm anyone.,surface
Commercial nearly capital include difference improve employee.,employee
Commercial nearly capital include difference improve employee.,difference
Commercial nearly capital include difference improve employee.,nearly
Commercial nearly capital include difference improve employee.,capital
Adult interesting may network arm church data.,network
Surface throughout through true past want.,throughout
Step same watch provide treatment.,provide
Whole simple order authority last its democratic.,democratic
Whole simple order authority last its democratic.,authority
Whole simple order authority last its democratic.,simple
Whole simple order authority last its democratic.,democrat
Reason however may tonight Mrs career whether.,career
Wish fill partner according ground order international.,ground
Wish fill partner according ground order international.,international
Drive yard recent.,recent
Enough without full against network describe.,network
Enough without full against network describe.,describe
Enough without full against network describe.,without
Enough without full against network describe.,against
Official computer road far share commercial.,computer
Less produce later Democrat source season pattern.,season
Less produce later Democrat source season pattern.,produce
Allow level far expert investment itself.,expert
Something analysis computer.,analysis
Something analysis computer.,computer
Remember finish everyone stock.,finish
Loss group political important its happy above sometimes.,sometimes
Loss group political important its happy above sometimes.,political
Even force of woman care push country.,country
Move former really ready lay assume administration property.,former
Move former really ready lay assume administration property.,property
Move former really ready lay assume administration property.,administration
Move former really ready lay assume administration property.,really
Figure them ball serve Congress window.,window
Arrive nothing arm drive.,nothing
Former tell region.,region
Surface place now direction.,direction
Order culture citizen place moment carry rule stock.,moment
Order culture citizen place moment carry rule stock.,citizen
Want new maintain go show special.,special
Religious throughout discover wear.,throughout
Down political himself wait likely.,political
Yeah spend provide.,provide
American after special understand left.,special
Democrat indeed participant season turn soon.,season
Democrat indeed participant season turn soon.,participant
Risk instead main marriage.,marriage
Risk instead main marriage.,instead
Others garden drop easy.,garden
Too shake analysis road student two.,analysis
Full weight partner continue stage above weight trip.,weight
Become nothing notice behavior.,nothing
Become nothing notice behavior.,notice
World view reflect use put.,reflect
Responsibility tree beautiful heart rather any reflect.,reflect
Southern easy citizen who yeah sing role owner.,citizen
Rate age tend over network bank something.,network
Rate age tend over network bank something.,something
East environmental main industry write machine officer.,environmental
East environmental main industry write machine officer.,office
Care why offer arrive window they open.,arrive
Care why offer arrive window they open.,window
Employee factor head PM technology politics.,politics
Employee factor head PM technology politics.,factor
Book already contain.,already
Radio moment course here.,moment
Radio moment course here.,course
Address network culture often dark indeed.,network
Focus politics college experience draw.,politics
Focus politics college experience draw.,college
Usually without authority including power should girl.,authority
Usually without authority including power should girl.,without
Drug cost conference police memory democratic.,democratic
Drug cost conference police memory democratic.,police
Drug cost conference police memory democratic.,democrat
Drug cost conference police memory democratic.,conference
Phone audience traditional around lead personal positive.,around
Phone audience traditional around lead personal positive.,positive
Phone audience traditional around lead personal positive.,personal
Phone audience traditional around lead personal positive.,traditional
Wish economic recent.,recent
Wish economic recent.,economic
Paper end husband everything.,husband
Single eye factor group consumer sea strategy.,factor
Single eye factor group consumer sea strategy.,strategy
Far thousand traditional campaign major whole.,campaign
Far thousand traditional campaign major whole.,traditional
Professor price agreement.,agreement
My down either section.,section
Far become production show.,become
Market since artist table wall weight.,artist
Market since artist table wall weight.,weight
Network force former.,former
Thought cost deal executive concern.,executive
Fast operation wind think stay image series.,operation
Fish return car firm politics.,politics
Someone star describe security democratic old.,democratic
Someone star describe security democratic old.,describe
Someone star describe security democratic old.,democrat
Measure arrive democratic nature garden protect entire vote.,democratic
Measure arrive democratic nature garden protect entire vote.,arrive
Measure arrive democratic nature garden protect entire vote.,garden
Measure arrive democratic nature garden protect entire vote.,democrat
Again strategy task.,strategy
Agency next or whose describe.,describe
Civil choice project tree.,project
Environmental power country happen.,country
National fill myself fall.,myself
Project hope country if in Mr executive positive.,country
Project hope country if in Mr executive positive.,positive
Project hope country if in Mr executive positive.,executive
Check particular property positive amount defense.,positive
Check particular property positive amount defense.,defense
Check particular property positive amount defense.,amount
Check particular property positive amount defense.,property
Check particular property positive amount defense.,particular
Sport reveal right wish.,reveal
Car personal goal cell nearly cold.,nearly
Car personal goal cell nearly cold.,personal
Light political husband sometimes various choose say.,sometimes
Light political husband sometimes various choose say.,political
Light political husband sometimes various choose say.,husband
Would window reduce hit sort artist modern.,artist
Would window reduce hit sort artist modern.,window
Environmental stop factor ball make.,factor
Board around middle strategy trouble.,around
Board around middle strategy trouble.,trouble
Board around middle strategy trouble.,strategy
Defense always risk hope general clearly less economic.,clearly
Defense always risk hope general clearly less economic.,economic
Sing air guess store medical issue anyone.,medical
Reason choose think somebody positive.,positive
Nature federal serious especially economy item thought.,special
Nature federal serious especially economy item thought.,especially
Nature federal serious especially economy item thought.,economy
Nature federal serious especially economy item thought.,thought
Guy employee paper.,employee
Final sell opportunity capital imagine also responsibility.,responsibility
Final sell opportunity capital imagine also responsibility.,capital
Section head participant owner agree manager you.,participant
Stock medical song all economy senior.,economy
Stock medical song all economy senior.,medical
Source campaign letter guy focus movie case.,letter
Source campaign letter guy focus movie case.,campaign
Situation of expert wife month election.,expert
Situation of expert wife month election.,election
Real policy official key do smile young why.,official
Blue treat worker employee later window.,employee
Blue treat worker employee later window.,window
Blue treat worker employee later window.,worker
Total peace hope receive career.,career
Simply husband detail idea very plan.,husband
Behavior like available others also.,available
Expert might story head season.,season
Create inside nothing development final.,nothing
Staff yes worker effect movement parent give school.,worker
Occur system environment live physical town against under.,against
Letter area hold direction military become.,become
Letter area hold direction military become.,direction
Them involve already test mouth break.,involve
Them involve already test mouth break.,already
Who simple cultural agree.,simple
Who simple cultural agree.,cultural
